learningRate,returns,timesteps,meanReturns,stdReturns,meanTimesteps,stdTimesteps
0.5,"[ -202.99727753   -91.79899897   -65.95342629  -263.39909027
  -173.76325261   -73.67231776  -167.20933953   -79.67086483
  -365.85016571   -90.15028842   -88.94820685  -119.87897753
  -297.24307931    23.58301082  -136.16437103  -135.71459936
  -366.89020649  -478.25155001   -64.18230633  -163.2792976
  -485.33180439  -367.52818516  -247.12836912  -174.5396817
  -167.14329604  -186.68336225  -127.18358348  -407.00882897
  -220.48990172  -290.3687628   -216.55332234   -45.73915859
  -311.31898054  -225.02128529  -474.82051527  -104.21036237
  -484.79386887  -522.68204634   -72.30978126   -83.63367036
  -382.46238847  -393.86173121  -182.63387883  -409.41925919
   -55.01041353  -347.10960476  -169.95574013  -377.48070837
  -427.98674131  -399.73981877  -302.86741625  -294.15940975
  -232.07862901  -523.51048013   -80.13194929  -443.85639775
  -191.45440991  -138.23501858  -420.25562847  -116.08424484
  -265.12140426  -182.03710724  -453.50196422  -405.78604016
  -494.94481182  -357.67309205  -120.68955104  -315.4891089
  -475.00249483  -357.307227    -710.83168462  -360.61421011
  -366.00391734  -303.55995003  -198.82940203  -339.34354911
  -397.78453031  -166.22970701  -474.80994828  -277.85165139
  -469.12484633  -366.45576206  -459.57704955  -733.72318246
  -267.00593258  -671.96435079  -212.29669031  -380.83848833
  -517.76714687  -373.1142407   -465.60853113  -425.86485788
  -866.82967953  -701.36444651  -300.01361768  -218.2447218
  -260.09924744  -209.85449948  -165.45299723  -231.58532323
  -556.17911845  -398.82302155  -499.17540782  -389.67005789
  -578.42258725  -691.3719223   -436.51592907  -444.81201039
  -434.08241807  -406.30626202  -348.08914821 -2089.92003136
  -209.31784734  -357.49098327  -652.65213131  -677.75844136
  -573.06239886  -701.48044152  -344.48837049  -568.91537593
  -301.43022872  -548.2535055   -565.26241577  -521.61252249
  -766.79819503  -939.43144864  -534.38440542 -1187.12043466
  -529.14253697 -1087.63001472  -367.11717288  -416.3052997
  -346.16555147  -917.92342405  -690.36870872  -254.58046341
  -737.54523924  -346.77958593   -14.7041705   -518.40973153
  -467.80139602  -250.56003857  -410.51219005  -636.52178498
 -1491.81760539  -307.76715743  -240.72021149  -554.35622908
  -279.85042559  -944.77752008  -505.91404347  -991.37120051
  -216.53763931  -456.33184909  -302.46229474  -520.64328722
  -230.98429215  -570.52018288  -143.06062804  -267.67476689
  -533.86914579  -405.53285796  -601.33759126  -245.06464347
  -337.54195603  -264.58717253  -176.22867518  -290.284853
 -1232.38028712  -494.23962341  -325.7841074   -648.49227912
  -241.58144335  -495.48442166  -502.56522825  -845.35396148
  -938.44176391  -318.38291561  -910.78849375  -182.94186468
  -635.8802351  -1019.18067355  -310.67019342  -785.99041906
  -840.14764365  -491.02723619  -246.74693172  -852.48771042
  -843.7251479  -1232.72780881  -423.00636939 -1830.59700803
 -1028.31926211  -212.52287008  -496.63102404  -856.40083307
  -455.02373826  -292.48061644 -1502.01927773  -259.81784959
  -583.92726426 -1019.48635905 -1403.65136904  -348.51422778
  -448.09319927  -324.67436982  -320.30870194 -1271.13535698
  -449.5142104   -338.39625263  -483.76773004  -822.20908432
  -778.54111027 -1603.40760648  -691.61750784  -912.74903417
  -425.99725105  -316.63860045  -167.61671442  -996.87088223
  -947.65992187  -279.07032725  -793.00382233  -388.50344468
  -907.54489891  -940.5124957   -948.90064682 -1083.51236078
  -499.08067221  -332.65402     -504.93740787  -580.17070821
  -457.08885182  -423.71789658  -515.70932222  -367.36587546
  -623.1990575   -864.05647884  -312.2545449   -615.30670903
 -2904.02994055 -1774.13825353  -738.85931257  -795.47834398
  -841.32276684  -582.09548304  -580.6705295  -1161.10914328
  -613.44968661  -614.05768762  -900.48928155  -524.4000741
 -3173.08212319  -922.13194895  -941.63823634  -545.38667305
 -1018.62323027  -886.66124589  -869.70802802  -631.31150862
  -568.72193503 -1069.7280456  -1364.57021781  -720.40344346
  -624.84524667  -629.27728003  -771.92302641  -753.17112702
  -727.78374366  -614.25497525  -595.33491381  -638.73431765
  -567.90400112  -534.04600958  -542.13182754  -517.90666405
  -490.83434076  -527.44799338  -621.01295913  -598.13943527
  -519.42493216  -498.86580465  -527.33359032  -471.85217033
  -476.78091303  -553.60399808  -467.97166191  -532.99867844
  -493.30073917  -449.22222673  -476.38475989  -426.59716233
  -465.80178463  -446.38709177  -335.14368595  -458.34027717
  -377.94200309  -438.44080138  -445.87560822  -445.40839282
  -438.9598657   -503.53141875  -443.66694051  -445.99988114
  -417.95369696  -392.73048029  -413.31881663  -474.38345521
  -665.49336057  -394.15884334  -443.51867441  -363.60131701
  -447.47241491  -500.94766669  -575.21647526  -404.75880098
  -360.32811968  -424.33483383  -564.3026461   -394.86445564
  -313.99795366  -306.82216903  -459.08253772  -653.37487568
  -508.59937792  -363.08282049  -210.03009686  -359.86881764
  -515.4506333   -579.62009522  -532.38284332 -2333.56622761
  -986.03468013 -1666.54891034 -2673.36594376 -3439.59860759
 -2841.51896264 -3142.51540262  -406.71173594 -2614.46635136
 -3066.21874807 -1877.70502591 -1144.05387723  -950.88139197
 -4030.75047237 -1836.34232801  -839.13441767 -1347.56825986
 -2496.3703637  -1583.48868414  -848.34409525 -2270.56595299
 -1359.77672297 -1044.61117735  -970.47567803  -274.07050146
 -1587.34611958  -566.7553125  -2955.94970121 -1205.8330047
 -1311.40707288  -820.44591604 -1361.30503433 -3783.85870277
 -4502.9101004  -2228.44471052  -587.15036418  -697.38066856
  -586.40538055  -785.99890854  -671.84776571 -1083.66956434
  -852.0358181   -362.10294042 -3453.11687411  -387.8480991
 -1073.45469043  -572.76961986  -375.12799783  -767.23841902
  -394.05296864  -512.78927267  -533.62741827 -1414.17570495
  -450.49482469  -896.14514926 -4287.85778563  -601.34956454
  -361.35971867  -641.23609532  -772.97526659 -1433.66722638
 -1183.63749786 -2607.47313767  -567.63034693  -661.37001375
  -489.10143396  -458.94638294  -430.44842321  -476.86273374
  -908.66599021  -804.18073806  -442.82239784 -1003.44819163
  -576.01244086  -466.64436336  -505.67896649 -1125.71463885
  -795.09658877 -1312.39509593  -497.23456388 -1047.31977556
  -483.01845627  -709.69108855  -491.8494865   -590.07278619
  -498.93408518  -979.18154488  -720.48009275  -948.32737416
  -238.71879419  -454.63911356  -576.3488456  -1652.70815833
  -524.30854165  -362.18593654 -1471.93625428 -1527.69887575
  -482.18801299  -442.69636615  -457.95671145  -543.45266293
  -404.99469752  -476.68291381  -572.26663031  -573.47767855
  -569.11103946  -855.98635769  -582.57575207  -548.35453635
  -901.34913521  -456.24559643 -1252.05461056  -554.68210605
  -509.27200846  -573.73801662 -1055.14543493  -483.31275561
  -520.06339958  -467.89401204  -699.25468233 -2167.80338015
  -778.80621137  -484.33211749  -431.96758978  -699.77684313
  -388.27675532  -461.49655769  -475.22137061 -1797.37702579
  -717.8702061  -1099.05242766  -367.40544669  -920.77127276
  -892.02114396 -1367.43682515  -456.61754364  -890.13705766
  -798.16563865  -818.30420602 -1068.10543003  -275.98536433
 -1159.89171926  -361.9156376   -477.14305488  -343.28604588
 -1006.34473393  -794.42451323  -488.51081524  -692.95043546
  -515.72691529  -445.42192336  -604.52845031  -580.58976735
  -687.0016602   -477.71735355 -1511.06281515  -343.31937561
 -1649.99823858 -1373.9567525  -1177.11193786 -1089.44738651
  -254.07278308  -647.04382434 -1885.48358188 -1478.5062957
  -696.18326758  -722.44075637  -387.95979093  -272.57459297]","[  62.   63.   57.  133.   85.   68.   66.   72.  107.   76.   65.   77.
   97.   79.  109.  108.  107.  113.   76.   97.  103.  104.   84.   63.
  100.   62.   91.  121.  105.   96.  107.   95.  117.   90.   94.   80.
  105.  116.   76.   80.   72.  102.   95.   78.   70.   71.   98.   84.
   84.  164.   98.   81.   75.  203.  191.  205.  141.  110.   82.  105.
  104.  128.   86.  157.  154.  106.  228.  274.  144.  105.  154.   87.
  136.   85.  115.   99.   93.  150.   94.  120.  121.  168.  158.  156.
   88.  229.   95.   97.   90.  102.  101.  149.  303.  179.  158.  106.
  105.   82.  120.  152.  124.   90.  119.   78.  113.  160.  118.   83.
  155.  110.  100.  364.  111.  101.  161.  171.  193.  152.   90.  128.
  154.  100.  114.  100.  152.  187.  124.  209.  131.  186.   85.   82.
  105.  196.  232.  156.  178.   99.   80.  128.  125.  108.  103.  245.
  263.  120.  112.  110.  254.  209.  144.  206.  107.  180.  278.  332.
  112.  360.  128.  114.  149.  161.  176.  128.  148.  278.   91.  112.
  277.  492.  121.  257.  229.  173.  462.  203.  297.  319.  203.  370.
  359.  325.  120.  182.  306.  363.  346.  153.  344.  416.  521.  358.
  339.  104.   99.  441.  534.   98.  335.   94.  132.  346.  347.  110.
  479.   85.   96.  223.   99.   78.  194.  271.  469.  486.  571.  393.
  462.  120.  348.  334.  425.  682.  744.  429.  367.  288.  361.  344.
  924. 1000. 1000. 1000.  980.  913.  562.  690.  427.  466.  743.  166.
  588.  543.  584.  523.  358.  396.  448.  322.  348.  383.  376.  256.
  544.  369.  472.  229.  415.  421.  349.  219.  279.  527.  458.  587.
  522.  350.  840.  503. 1000.  908. 1000. 1000. 1000. 1000. 1000. 1000.
 1000. 1000. 1000. 1000. 1000. 1000. 1000. 1000. 1000. 1000. 1000. 1000.
 1000. 1000. 1000. 1000. 1000. 1000.  119. 1000. 1000. 1000. 1000. 1000.
 1000. 1000. 1000. 1000. 1000. 1000. 1000. 1000. 1000. 1000. 1000. 1000.
 1000. 1000. 1000. 1000. 1000. 1000. 1000. 1000. 1000. 1000. 1000. 1000.
 1000.  611.  675. 1000. 1000. 1000. 1000.  731.  205.  446.  350.  316.
  321.  391. 1000.  608.  456.  167.  269.  433.  372.  198.  230.  196.
  298.  230.  219.  339.  236.  208.  225.  131.  296.  420.  342.  271.
  246.  159.  258.  362.  452.  235.  118.  123.   91.  128.  122.  246.
  114.  103.  380.   92.  172.   91.   81.  129.  113.  121.   93.  216.
   79.  160.  409.  112.   94.  140.  140.  313.  378.  410.  122.  116.
   85.  107.   94.   86.  203.  164.   93.  233.  147.   98.   90.  332.
  198.  548.  161.  374.   84.  160.  110.  111.  105.  164.  153.  178.
  103.   77.  141.  428.   92.   92.  371.  443.   95.  108.   86.  117.
  132.   97.  137.  148.   86.  143.  111.  123.  178.  113.  240.  133.
  118.  100.  189.   81.  128.  132.  128.  329.  146.  132.   95.  159.
   96.  128.   84.  331.  150.  282.   79.  162.  232.  327.   80.  166.
  130.  168.  166.  102.  235.  115.  115.  104.  226.  209.  108.  114.
  115.   82.  216.  103.  169.   79.  303.  121.  304.  211.  227.  171.
  102.  113.  269.  193.  112.  130.   87.   83.]",-687.8359948308158,611.837453435313,311.622,300.98482871400677
0.05,"[ -107.49557109   -83.54245077  -253.21510829   -83.71669559
  -250.26053271  -230.7499361    -99.67749997  -193.49953437
  -332.70605285  -125.06563247  -436.96921516  -246.31423804
   -83.48376613  -149.69173701  -123.9835377   -221.77122488
  -281.75464577  -179.88922664   -41.88676883  -239.8271797
  -209.12904952  -230.74332824  -152.62782124   -97.24406636
  -127.6526613   -403.52242229  -181.73917798  -212.11627867
  -124.56246421  -195.42568683   -57.30107982  -128.45661566
   -83.46569376  -106.85534723  -127.25578517  -117.58437308
  -235.00690553  -393.20251016   -78.61266642  -165.60859007
  -220.88036031  -101.28707525  -251.9052263   -263.8306122
  -387.20598447  -279.95794677  -306.7233783   -302.44967434
  -190.41286909  -737.81686545  -504.11848389   -25.70249545
  -368.96093282  -134.76073618  -212.45678448  -333.298856
  -366.79442508 -1014.25640931  -433.55413185  -534.72927038
  -340.85456599  -806.95836684  -801.45536687  -388.92990479
  -232.41748073  -351.21901607  -374.94105809  -457.06366115
  -642.80129404  -725.32325677  -463.44578252  -290.89385803
  -267.0980933   -734.71579463  -332.56577928  -209.44441177
  -312.44251641  -301.67743731  -320.97801724  -256.36817528
  -305.90270923  -322.85819418  -242.75288284  -312.9839682
  -344.42792262  -285.21409489  -139.70833567  -393.63981968
  -114.49803488   -38.21180784  -137.39706802  -324.61214032
  -127.38243646  -119.74592079  -480.94022675   -40.23037696
  -613.53915107  -454.86111014  -288.03414194  -533.62203052
  -324.1375338   -406.03855599  -287.24452129   -86.72051881
  -349.57238552   -90.51812685  -503.54102208  -609.67870157
  -455.2980839   -335.1155368   -293.50072071  -393.35773928
  -460.83252112  -522.90638533  -429.32174147  -328.33466295
  -581.39941488  -408.07487948  -338.49506905  -174.17093543
  -500.43439476  -379.01106169  -412.86509567  -395.11939111
  -445.58625535  -172.55525477  -246.23296827  -120.61377048
  -473.8297566   -599.85321217  -352.46980531  -211.335507
 -1625.43094863  -271.30011512  -500.47755427  -456.38798178
  -396.4191501   -599.72443563  -510.9090211   -945.90765797
  -262.23492239  -441.03983024 -1162.86239271  -516.81164891
  -556.78375082  -467.27016555  -262.37100788  -136.70029673
  -819.71128853  -311.27420104  -612.95002869  -260.59412686
  -287.63002848  -875.75645284  -474.21512026  -155.86845546
  -361.46317329 -1878.07359877  -650.08598984  -399.98893763
  -203.22316231  -344.14916323  -327.66475011   -72.4938587
 -1111.86100725  -411.68886685  -540.16994303  -463.51128472
  -563.54639482  -640.91008792  -230.27231578  -364.98518547
  -557.0792063   -308.34631892  -301.21501034  -260.70938581
  -434.26820488  -305.80223541  -429.79712396  -308.46849745
  -249.72596815  -771.7751855   -260.34757037  -440.55391355
  -685.81061981  -237.93784609  -469.26191493  -947.24489783
  -481.47049357  -245.69070482  -331.49513398  -504.16189358
  -479.96017561  -598.93510227  -558.39379459  -542.52920546
  -619.79547364  -479.38423469  -488.94287998  -475.31289226
  -592.60179253  -472.76792376  -317.20288232  -278.02979229
  -393.54175664  -612.45017027  -457.96087762  -412.73098106
  -267.24297777  -146.31994008  -483.15447871  -477.6538467
  -265.38310775  -281.33510282  -424.36006571  -340.02042996
  -717.32012744  -221.75506773  -480.87597671  -433.30351074
  -766.83974626 -1077.19430279  -514.73924149  -290.80532644
  -289.12223084  -398.31094861  -893.4715426   -212.84140981
  -354.28633153  -322.04210197  -985.89034967  -230.75080171
  -144.66226513  -595.4064411   -487.29902054  -194.04321743
  -441.38127378  -164.10900976  -284.72569041  -248.68085804
  -274.58179434  -342.84961412  -349.59803552  -184.26321388
  -144.94876888  -320.69744038  -373.27536535  -376.07595554
  -298.80140069  -183.81453744  -136.76044346  -325.09667504
  -318.61983241  -835.90864342  -377.29474112  -271.48772717
  -143.23739513  -235.35604806  -293.37119136 -2287.42969475
 -3418.11225754  -168.55154693  -615.76816572  -561.86088742
 -1112.82901647  -251.1565276  -1458.0189993   -973.32917375
  -517.64079882 -1963.3060235  -8381.56075576   -98.91991589
  -368.43410864  -239.57813995  -899.85115816 -1410.84775235
 -3099.43696505 -3060.28576451 -3616.48584787  -352.25799607
  -492.83447801 -4011.39004458  -376.95601369  -550.55256101
  -256.68597282  -386.04588174 -2413.01737072 -2704.19318411
  -183.29434086  -744.25596285  -388.19790446  -298.16721539
  -396.93337372  -546.39491533  -269.93499737  -343.18016841
  -565.26970687 -1174.58392132 -1858.28808032  -689.67256553
 -2660.6824033   -539.42153408 -1764.74217991  -528.38826147
  -770.48903771  -472.06868892  -768.5698918  -2090.97142791
  -508.02124703  -896.45792484 -1360.41765029  -954.12520085
 -1490.05295158 -1026.72077186  -404.67324357 -1992.80136329
  -452.36397676  -888.38768298  -476.26866847  -561.25560022
  -291.27555645  -751.93800516  -363.73592435  -511.68254058
  -383.76893557  -399.76425982  -403.44413808  -825.27509271
  -487.23295879  -582.33036951  -271.42882803  -407.27901734
  -679.72378784  -620.94896129  -523.3763621   -340.10677451
  -670.35339771  -327.70683228  -413.8549831  -4109.48494923
  -344.58134015  -836.2493976   -571.82452148  -650.21529608
  -917.26427687  -567.98928636  -626.55361668 -1109.21861833
  -469.87545664 -1137.34191656  -480.41539106  -615.22412034
  -564.32696147 -1284.53051934  -488.33458001 -1054.0404733
 -1007.05776287  -395.03090066  -489.28471791  -483.43195934
  -547.91888639  -675.04972619  -892.14013069 -1084.50674539
  -902.46801021  -314.7376922   -443.33246234 -1110.98188647
 -1225.63210224  -529.70665155  -509.74529263  -507.48321093
  -632.90509673  -480.8221429   -658.29550156  -842.84045894
  -559.30202507  -616.94203561  -390.30936459  -704.32238375
  -377.44792155  -714.74582219 -1499.13649025  -656.49990944
  -533.8906243   -313.32823836  -684.59951788 -1878.60363613
  -706.11534194  -726.4433791  -1914.36452192  -506.59791858
 -1286.28048636 -1151.70368318 -1219.92579636 -1246.18488806
  -444.61184977  -238.32030123  -474.19462151 -1768.43071684
  -738.88399821  -285.8723042  -1262.01800662  -563.73567983
  -513.33621506  -446.63146481  -599.96904438 -1235.99759792
 -1304.75850557  -596.28789125  -656.65766964  -801.39949563
  -470.65332953 -1202.80173563 -2946.2040161   -668.36010757
  -274.01407983 -1148.34010685  -560.47626116  -340.7717513
  -105.78029302  -329.4216147   -309.61527409  -311.31715134
  -404.81058814 -1691.41081176  -445.95899638  -375.65200177
 -1925.29830424  -477.69577403 -1273.86786477  -413.48148355
  -961.745976    -865.61053454  -390.08285211  -520.4594824
  -491.09405947  -515.46406965  -542.03260182  -568.43993093
  -433.35558117  -466.93302246 -2236.66922748  -524.77998331
  -403.21160344  -608.49482851  -351.41139681  -513.27925495
  -287.46005082  -523.5051726   -556.51440085  -437.70011715
 -1050.52186403  -422.21344736 -6382.95872177  -355.32618681
  -341.77388165  -774.30425518  -666.51426092  -590.31227775
  -492.80705338  -636.35443772  -411.45052246  -402.9550609
  -694.44856223  -804.07576875 -1599.62872549  -204.96166356
  -421.37669767  -440.63020647 -1059.54067255 -1399.45437378
 -1114.51526868  -522.91683752  -601.71750157 -1202.58705204
 -2391.50611711  -281.11409858  -718.10381909  -329.30141791
  -352.49903267 -1640.36412895  -556.47926624  -402.85432591
  -554.314561    -442.82542486  -893.6235656   -863.75642118
 -2359.0482019   -468.50077363 -1348.21949018 -2562.932329
  -951.7826032   -237.6946117   -654.28021076 -1176.29745159
  -412.99645875 -1090.68054357  -311.28734649  -388.25688354]","[ 109.  101.   86.   90.   80.   93.   66.   93.   94.   94.  110.   82.
   73.   90.   90.  118.   69.   79.  106.   96.   73.   92.  118.  100.
   78.  127.   75.  133.  109.   83.   65.  183.   63.   89.   64.   57.
   85.   96.   74.  146.  119.   85.  142.  135.   87.  154.  208.  156.
  162.  181.  209.  117.  146.  146.  299.   93.  113.  447.   99.  107.
  108.  234.  207.  120.  103.  115.   90.  109.  169.  239.  112.  149.
  199.  265.  121.  111.  136.  126.  139.  164.   78.  110.  110.  104.
  124.  104.  234.   90.   64.  162.   71.  211.  133.  135.   85.  143.
   74.  134.  408.   78.  445.   73.   97.  238.  201.  150.  125.  121.
  170.  158.  169.   87.  258.  155.  140.  316.  331.  371.  224.  290.
  154.  143.  184.  297.  275.   91.  294.  229.  518.  178.  228.  209.
  435.  266.  242.  170.  188.  321.  382.  451.  110.   90.  307.  113.
  243.  101.  109.  502.  257.   81.  863.  111.  145.  416.  536.  851.
  977.  434.  217.  406.  561.  501.  124.  302.  362.  176.  484.  793.
  931.  767.  488.  432.  719.  422. 1000. 1000.  727.  414. 1000. 1000.
  110. 1000.  523. 1000. 1000.  130. 1000.  907.  490.  115. 1000. 1000.
 1000. 1000. 1000. 1000. 1000. 1000. 1000. 1000. 1000. 1000.  790. 1000.
  567.  661.  848.  472. 1000.  518. 1000.  714. 1000. 1000. 1000. 1000.
 1000. 1000. 1000. 1000. 1000.  336. 1000. 1000. 1000. 1000.  478. 1000.
 1000.  713.  801. 1000.  751. 1000. 1000.  351. 1000.  486.  255.  654.
  691. 1000. 1000.  629.  229. 1000. 1000. 1000. 1000. 1000. 1000. 1000.
  811.  615. 1000.  459. 1000. 1000. 1000.  721.  557.  252.  478.  462.
  309.  284.  572.  419. 1000.  483.  697.  227.  548.  308.  263.  210.
  334.  307.  357.  111.  161.  394.  117.  127.  103.   98.  271.  394.
  112.  543.  129.  198.  160.  320.  140.  171.  117.  178.  420.  146.
  335.  114.  274.  136.  347.   88.  363.  268.   90.  222.  254.  227.
  250.  203.  104.  280.  153.  148.  101.  141.   85.  130.   93.  126.
   94.  111.  111.  157.  106.  139.  104.   88.  107.  110.   99.  104.
  121.   96.  122.  394.   93.  141.  220.  140.  162.  149.  113.  226.
  103.  191.   91.   95.   86.  210.  102.  163.  179.  127.   95.   85.
  106.  135.  138.  162.  146.   92.  102.  162.  248.   86.   85.   99.
   86.  130.  120.  134.   94.   88.   98.  111.  100.  204.  262.   97.
   84.   96.  240.  285.  189.  220.  265.   79.  212.  159.  225.  252.
   89.  102.   97.  243.  171.  111.  228.   73.   86.  107.   97.  239.
  215.  145.   97.  150.  101.  173.  328.   99.  107.  215.  124.   96.
  166.  188.  102.  104.  109.  218.   97.   98.  285.  115.  197.  126.
  144.  137.  115.  154.  154.  112.  128.  144.   98.  121.  332.  141.
   91.  121.  123.   98.   93.  117.  151.   91.  152.   85.  513.  129.
  113.  128.  146.  151.  107.  116.  125.  106.  114.  141.  214.   97.
  117.  110.  162.  210.  209.  135.  184.  205.  273.  114.  124.  113.
  115.  292.  108.  131.   96.  121.  226.  223.  280.  137.  228.  300.
  208.   93.  137.  213.  118.  218.  114.   91.]",-622.9907426643514,703.7905308801854,301.824,296.7498222813284
0.005,"[ -103.33131051  -139.30694949   -89.70869635  -109.07725683
  -444.12946819   -66.52860561  -502.68894617  -415.70748731
   -99.41227154  -179.14178463  -191.75875624  -268.82623357
   -91.14402607   -90.68644116   -72.51910192   -34.14739615
   -45.00353967  -173.56951202  -141.12317304  -162.98195437
  -120.00140761   -75.40795028  -124.27961783  -102.66723975
   -77.60791459   -60.27436469   -18.78161827   -93.72600021
  -200.65241217  -271.92147564  -215.15617545   -63.99794697
   -38.16248937  -268.88473688   -34.04598412   -70.25625927
  -156.56796589  -266.58106852  -246.05578168   -42.39013293
  -129.55359024  -140.57641486   -69.29912209  -194.79437044
  -155.33894584  -103.00741226  -188.2970489   -373.52321298
   -40.12907363  -225.28229308  -206.37839839   -40.86708188
   -70.87752765  -143.35152246  -209.70388035   -76.18271322
  -488.56119419  -212.91611267  -276.94721613  -133.60126697
  -248.68031612  -588.58986304  -708.79801305  -720.92188738
   -67.71962524  -281.28660609  -240.64682637  -321.60681332
  -244.84922529  -175.21527297  -273.0739609   -149.13055005
  -496.5637239   -267.00572039  -262.53859357  -338.69976279
  -172.54230228  -157.18810439  -152.090618     -31.5112218
  -129.06108874  -121.69168834  -323.52329971   -79.1281017
  -146.41814653  -223.38236602  -380.59734304   -87.16839342
  -329.6738176   -324.26859837  -694.61874486  -216.56951756
  -272.8350892   -198.4098328   -856.24125436  -155.71655324
  -652.66933622  -157.77592782  -325.47836883  -455.17873399
  -718.342277    -392.87558634  -693.54235937  -254.57011472
  -347.18982579 -1136.53182101  -498.85945543  -299.22568836
  -392.49904445  -313.95541916  -765.52932491  -606.80720536
  -624.35751253  -169.35793916  -282.02595228  -270.79972774
  -269.88872879  -449.82618597  -328.2360439   -198.28581327
  -641.02943991  -410.17860521  -356.25298987  -278.07849388
  -226.39692807  -217.32117314  -592.47583236  -206.49443399
  -279.83100615  -399.92634043  -365.84138264  -413.84367504
  -155.57649752  -207.48420771  -271.53098994  -800.60963602
  -239.6656535   -928.67508704  -365.67945523  -844.49203257
  -991.19532402  -908.14234301  -613.63696005  -722.12254854
  -199.04588917  -820.60002933  -440.49616056  -347.88519807
  -657.33141276  -164.960768    -319.23978229  -488.89308371
  -171.56735526  -318.89443787  -493.77259107  -578.82001058
  -971.55218941  -574.75396869  -588.74682138  -500.74922583
  -405.52198219  -828.15187671  -986.63383161  -702.52650782
  -877.95995752  -959.77299732  -426.42673432  -846.73441777
  -916.78422571  -909.59287985  -815.53232269  -913.87538561
  -893.73356172  -797.19129178  -801.93037109  -711.73376207
  -790.56857932  -780.34311247  -732.41685463  -695.78875281
  -712.51803676  -770.22111032  -691.60599998  -705.22805434
  -749.00457123  -571.48867865  -671.76808392  -748.12744562
  -555.64500845  -434.20963516  -494.80975887  -460.17931367
  -577.44068414  -548.16887491  -536.59100711  -456.43004557
  -387.11530419  -382.34874154  -442.64878595  -464.17681021
  -411.61521636  -391.92413056  -420.19388625  -317.37279428
  -372.69781935  -313.95273297  -260.08883106  -287.98467362
  -337.60868108  -228.0019029   -190.26467212  -232.62934955
  -202.21847605  -210.11160737  -181.19166284  -197.83586558
  -231.29820502  -151.05952519  -155.40463226  -209.22755961
  -189.96926047  -173.69803618  -161.88762262  -203.71973061
  -181.81615868  -234.15872436  -211.69779064  -207.54862376
  -182.1285065   -185.30387552  -221.46017944  -302.18921409
  -198.07225547  -228.75505072  -319.20589827  -440.93349663
  -480.77162115  -280.28875614  -322.85449596  -253.89978816
  -350.67393771  -296.99780241  -237.28546367  -213.99630041
  -259.60486914  -150.19377553  -180.41391551  -143.98159174
  -532.46437454  -128.93411387  -236.89415529  -106.69320647
  -139.80334871  -117.0215919   -184.67724244  -197.55637145
  -345.53852955  -178.60508395   -32.62921284  -306.98953492
  -272.55287074  -235.92985211  -111.1606175   -246.18296459
   -82.54181893  -236.30824569  -164.13015648  -983.14999297
  -648.68475662  -636.64378522  -485.83375346  -485.89970765
  -394.62089334  -465.06329256  -295.87163928  -389.94615827
  -362.48470288  -319.78461576  -239.51217357  -508.63209382
  -446.74640397  -324.23758767  -244.01158083  -815.70601953
  -417.01359828  -181.95949391  -165.91051568  -588.16771906
  -520.84249176  -296.17884825  -526.20221     -458.37806147
  -349.70731237  -187.48060278  -487.67750021  -216.93012499
 -1627.40815184  -394.90640992  -356.91213334  -403.22649138
  -494.7788048   -474.23707296  -655.15396001  -153.87918321
  -471.38305695  -201.8596674   -173.75035246  -392.01152597
  -422.29064228  -484.36409825  -423.41722021  -351.9056034
  -346.80473409  -535.43352823 -1070.8044859   -516.02699468
  -410.11861093  -589.24046296  -723.50193551  -526.12273248
  -410.37370513  -388.08817166  -520.9386559   -563.96847958
  -335.41324949 -1064.66719245  -554.40643167  -916.71401743
  -327.3958151   -662.89525978  -567.79779456  -738.68400003
  -962.41559876  -600.91404458  -724.18502493  -744.50087996
  -614.95904452  -410.36137695  -926.23015658  -269.521494
  -938.48012973  -396.60059259  -309.88146059  -609.7690485
  -409.12455862  -956.35745378  -880.69849863  -897.6306985
  -799.66747477  -393.29774111 -1066.06069658 -1060.58610336
 -1233.73555714  -154.86543014  -445.08835079  -434.63700012
 -1450.0241083   -432.53696489  -403.47880987  -969.18989914
  -486.64116203  -399.01514069 -1504.09616009 -1082.72239443
 -1233.46210741  -418.56763894  -264.70976223  -585.25568438
  -334.50830634  -439.1960834  -1429.72315335  -331.60954389
  -368.09890458  -772.75678662  -678.49484754  -317.3167507
  -328.92512018  -356.25618929  -295.80935664  -592.12428656
  -368.13471347  -197.09320272  -210.65849611  -337.94234156
  -429.57314344  -223.58840677  -372.21651848  -401.96695654
  -331.91200295  -249.47815191  -653.59841461  -559.18500634
 -1586.95912389  -301.50248055  -242.32006179 -1084.53069714
 -1462.28055024  -473.88579003  -915.60011253  -210.79526838
  -956.9969166  -1288.64670054  -776.68132662  -111.03887232
  -470.66234857  -478.65330486  -844.60591281  -342.41438299
  -526.33292363  -220.35627633  -104.86965762  -201.93165724
  -148.28767954  -226.26780332  -540.40302522  -257.55786638
   -89.00620713  -958.27496099  -279.57618629   -98.42149615
  -121.26742499  -400.8976666     15.93504441   -44.08859714
  -170.72675664  -217.71315402   -31.98308583     3.82975028
   -24.32731478  -252.65823608   -29.43050039  -105.07305334
  -531.96710685   -44.08151779   -12.68756396  -103.83746167
  -530.11796071  -485.11351389  -515.93216083   -62.23821447
   -55.94964173  -525.63096323  -643.9013718    -34.71532405
   -79.07526109   -12.18923242  -104.10483726   -48.88483543
  -802.95009526  -611.33998194  -323.43290769  -294.92700695
 -1107.98353258  -735.55110288  -388.38015227   -85.64571477
  -633.24030138  -234.85880106 -1076.75146713 -1003.19010159
  -219.28820676  -437.16209222 -1484.2488438  -1566.54279617
 -1082.37110442  -302.05357919  -664.73148525  -545.14405702
  -969.3841421  -1129.71742235 -1135.89576576  -344.7174246
  -498.22681042  -292.68840222 -1938.74570614  -661.81606615
  -917.38718046  -718.9568962   -711.32353098  -655.789095
  -865.31078038  -435.59702713  -336.71432997 -1423.15108865
  -653.54668547  -794.19633171  -718.34559263  -951.71740746
  -126.83129857  -735.86124546  -714.9322822   -299.43557122
 -2111.20759768  -516.62433923  -445.17863198  -347.25750495
 -1211.47322927  -379.46939291 -1056.29477706  -727.52818244]","[  76.   67.   68.  100.   98.   72.   97.   92.   80.  124.  117.  122.
   80.   94.  115.  155.   80.  141.  118.  101.  106.  136.   81.   88.
   93.  150.  130.  105.  130.  150.   90.  144.  136.  130.  100.  100.
  129.  108.   76.   76.   99.  120.   78.  126.  190.  116.  162.  195.
  107.  205.  123.  221.  100.  190.  133.  156.  225.  107.  138.  116.
  395.  292.  387.  320.  280.  194.  113.  150.  188.  112.  175.  311.
  167.  123.  311.  398.  138.  110.  155.  126.  360.  106.  573.  131.
  139. 1000.  538.  481.  254.  506.  168.  171.  106.  160.  280.  255.
  242.  118.  497.  236.  365.  109.  294.   92.   99.  459.  123.  104.
  177.   95.  140.  262.  206.  108.  112.  127.  160.  268.   83.   95.
  232.  106.  146.   94.   84.   91.  149.   99.  105.  146.  104.  115.
  108.  232.  561.  568.  132.  361.  145.  532.  422.  394.  702.  194.
 1000.  410. 1000. 1000. 1000.  943. 1000.  553.  386.  755. 1000. 1000.
 1000.  986. 1000. 1000. 1000. 1000.  814. 1000. 1000.  659.  157. 1000.
 1000. 1000. 1000. 1000. 1000. 1000. 1000. 1000. 1000. 1000. 1000. 1000.
 1000. 1000. 1000. 1000. 1000. 1000. 1000. 1000. 1000. 1000. 1000. 1000.
 1000. 1000. 1000. 1000. 1000. 1000. 1000. 1000. 1000. 1000. 1000. 1000.
 1000. 1000. 1000. 1000. 1000. 1000. 1000. 1000. 1000. 1000. 1000. 1000.
 1000. 1000. 1000. 1000. 1000. 1000. 1000. 1000. 1000. 1000. 1000. 1000.
 1000. 1000. 1000. 1000. 1000. 1000. 1000. 1000. 1000. 1000. 1000. 1000.
 1000. 1000. 1000. 1000. 1000. 1000. 1000. 1000.  261. 1000.  194. 1000.
 1000. 1000.  126.  148.  219.  168.   98.  271.  297.   88.  179.  267.
 1000. 1000. 1000.  879.  177.  161.  496.  155.  170.  207.  149.  221.
  580.  161. 1000.  478.  143. 1000.  527.  300.  492. 1000. 1000.  910.
  199. 1000.  221.  606. 1000. 1000. 1000. 1000.  236. 1000. 1000.  873.
  438. 1000.  325.  581.  428. 1000. 1000.  713. 1000. 1000. 1000.  570.
 1000.  636.  342.  390.  384.  398.  531.  391. 1000.  411.  375.  514.
  383.  265.  489.  275.  298.  530.  373.  307.  331.  256.  279.  272.
  227.  350.  340.  339.  404.  473.  363.  931.  558.  511.  364.  234.
  318.  378.  468.  417.  367. 1000. 1000. 1000.  428. 1000.  490.  272.
  975.  606.  317.  423.  458. 1000. 1000.  507. 1000.  503.  337.  327.
 1000.  354.  748.  541. 1000. 1000. 1000.  534. 1000. 1000.  438. 1000.
  572. 1000. 1000. 1000. 1000. 1000.  375.  440.  669. 1000. 1000. 1000.
  343. 1000.  404. 1000.  298.  283.  431. 1000.  418.  458. 1000. 1000.
  514. 1000. 1000. 1000. 1000. 1000. 1000. 1000. 1000.  457. 1000.  925.
 1000. 1000.  311. 1000.  923. 1000. 1000. 1000. 1000. 1000. 1000.  674.
 1000. 1000. 1000. 1000. 1000. 1000. 1000. 1000. 1000.  679. 1000. 1000.
 1000. 1000. 1000. 1000.  898.  767. 1000.  101.  761. 1000. 1000. 1000.
  575. 1000.  831. 1000. 1000.  566.  920.  620.  844. 1000.  916. 1000.
  679.  745.  707.  727.  726. 1000.  635.  569.  654.  276.  444.  745.
  614. 1000. 1000.  564.  565.  430.  646.  657. 1000. 1000.  810.  109.
  754.  505. 1000.  124.  322.   98. 1000.  520.]",-438.45020895937864,327.31527115331426,595.862,373.27532326153033
0.0005,"[   20.71441107  -104.44147028  -394.2377183   -195.16641401
  -286.89854699   -55.75360591   -72.77630787  -308.9361325
   -91.84417533  -259.18022206   -93.74111148  -188.1766212
  -414.06902377  -110.18336709   -51.94612333  -149.26989213
  -118.77082748  -114.73458595   -79.78276281   -71.02021471
  -111.26752514  -163.08165359  -203.73002399   -92.4658759
   -43.94336332   -26.95701044  -397.83393448   -81.00637296
  -137.37860622  -217.70136941  -145.6269593   -213.10902216
    -8.02077595  -139.42923718  -103.93912642   -21.26677675
  -218.23807041   -37.74286556   -72.09682235  -218.93530236
  -152.40305428  -160.59867876   -72.32345922  -123.54406107
  -152.70007836   -21.87379407  -104.56600704  -137.13450282
   -24.46929152   -15.12610653  -102.74150202    29.40552463
  -236.55800946  -278.12063781  -331.82671145  -186.63579094
   -58.50126585  -178.10740298  -291.01262039   -81.38280326
  -243.04840773   -93.29586711   -18.98215425  -200.47824688
  -142.3072428   -191.29949125   -36.1455064   -168.85976637
   -48.20543103   -50.61392808  -175.97520424  -142.25681509
   -76.73536811   -31.64341828  -187.50668997  -146.39269713
   -41.53419957  -172.22259866  -211.78957741   -34.94773425
  -294.27262184   -54.24511908  -246.68172281   -75.42822415
   -73.88434098  -126.39190079  -104.65344378  -155.63410258
  -234.30896675  -179.46324135   -84.31804415    11.96514305
   -93.97876453  -145.77953268  -127.82613072  -169.06349822
  -325.68686511   -72.40381151  -148.69681261  -303.52948042
   -68.00794606  -207.85093302  -328.84087336  -192.68238006
   -40.23867228  -437.97353464  -333.90165052  -372.35092704
  -133.45034841  -599.76222078  -159.17732623  -828.68802473
  -710.90219749  -608.14824213  -391.26797061  -703.25704205
  -712.87417001  -594.8271403  -1292.60940923  -317.11988941
 -1641.16983404 -1101.45696152  -202.41779949  -459.90523439
  -655.81448465  -206.73766046  -881.99925795  -772.57371839
  -215.91462221  -902.74804548  -156.8379594   -209.63449417
  -260.19121485  -527.29464801  -566.14298516  -378.71013318
  -275.40140575  -322.14966849  -321.06582076  -319.48098058
  -430.52426019  -748.54409567  -368.43794416 -1136.46620295
  -515.50039255  -471.82611504  -349.62588085  -310.40970426
  -497.14252134  -376.6074948  -1669.03794951  -226.59940542
  -810.19865079  -214.91480625  -189.95322652  -321.57159201
  -745.84033465  -323.45622607  -480.31029686 -1400.48028903
  -565.0651868   -448.20026309  -365.88002391  -262.35325338
 -3052.69292932  -326.99506336 -1155.85249932  -246.37009071
  -543.82536673  -559.5072389   -809.98049925  -420.17457872
 -3110.55963728  -422.17560725  -393.85989687  -496.63149797
  -341.27990331  -303.72298617  -316.84991945 -1208.82425197
 -1968.49687168  -624.03512845  -393.89894626  -337.95846676
 -1468.67676847  -356.67979919  -410.02034289  -736.17263109
 -1214.49264712  -707.29499929  -411.31309048 -1275.54793074
  -363.38987098 -1081.04913283  -343.85789143  -302.57081645
 -1394.58133187  -400.44533987  -193.91347154  -420.59310443
  -649.24490104  -266.69527249  -570.70312739  -748.04678616
 -1591.42353105  -224.37918126  -497.21288764  -757.81076351
  -876.52076503  -311.60100939  -204.04766405  -320.71957609
  -285.56404298  -206.7552667   -545.1614722   -200.80647227
  -274.13828133 -1150.86408534  -417.44188396 -1851.25486473
  -517.29861986  -355.73034087  -905.55282688  -525.95724924
  -379.68200056  -394.6654786   -530.13984717  -244.26755633
  -213.50967312  -258.73109665  -315.40648813  -313.83065611
  -418.06655395  -554.76900838  -707.76236252 -1267.18894334
  -768.91247773 -1244.24828729  -313.55577973  -280.52165151
  -115.23029967 -2020.45091033 -1642.84799224 -1521.06348177
 -1093.72583271 -1478.47795405  -300.28870814  -537.77759222
  -270.61368349  -584.29055558  -137.21940895  -455.71420131
  -175.55852721  -172.82971056  -215.55335433  -116.10855739
   -75.63719247  -232.50631464  -249.23831341  -154.77348586
  -211.14757571  -250.36258933  -311.75801713  -252.0105235
  -253.08018382  -345.46741749  -302.31939277  -355.38355654
  -188.51737486  -314.49991365  -292.20120048  -384.80289241
  -333.77851109  -375.06605523  -370.6251095   -347.44193152
  -570.47975405 -1597.26431206 -1718.6741561   -897.38202357
 -1877.37483423  -708.10836531  -777.85027016  -468.12788763
 -1624.10775487  -306.56029602  -797.26912164 -1468.25034161
  -373.90248736  -404.84225043  -781.58275803  -728.59301644
  -391.22070307  -864.29456458  -510.09379436  -666.76210907
  -308.84970611  -469.45068903  -390.84200898  -525.54637117
  -359.63052501  -392.83020565  -315.10507782  -359.63257117
  -283.26848149  -283.67346647  -248.91828949  -279.14944805
  -327.89514474  -309.35380428  -265.859777    -309.53671407
  -265.18335682  -224.89353566  -297.45639391  -241.73787104
  -258.15931682  -222.55173251  -241.52964406  -240.4216082
  -227.24108516  -258.68754128  -287.51257769  -265.33978489
  -285.8063039   -336.73225354  -269.81128434  -290.43802689
  -183.89320374  -265.55496443  -244.42986138  -254.22633073
  -194.32728061  -352.59004788  -147.3543516   -335.8487761
  -288.72538721  -288.3877661   -513.42792902  -736.42982636
  -237.03032907  -381.38134919  -220.09416034  -123.0033398
  -232.18924579  -130.58678725  -246.29325346  -255.50142199
  -209.44960499  -468.12278731  -469.09556705  -442.39052686
  -224.96150372  -335.13885565  -316.50443762  -441.95544803
  -310.81468998  -453.4229708   -365.73502986  -472.34867395
  -464.49175092  -644.40086708  -674.57200198  -732.33890981
  -807.50352872  -154.78129515 -1173.64519354  -171.52164757
  -172.88192442  -906.99745536 -1438.19304436 -1017.61985364
 -1485.1119608  -1288.24337504  -396.23255419  -269.97244975
  -949.67798314 -1127.62848539  -481.96692854 -1184.53752456
 -1687.72840835 -1633.48434584 -2035.05559108 -1835.265196
 -1997.78066698  -523.42212703 -1222.50170888  -947.99964697
  -797.83080632  -367.32478204 -2071.65156283 -1116.54524293
  -392.39887867 -1370.68729897 -1721.20102093 -1907.15142584
 -1804.41011786 -1714.34907886  -629.46222638 -1864.60469856
 -1874.08065528 -2425.20728258 -2303.14963756 -2062.91439637
 -1769.16326131  -494.08278228  -635.00963223 -2235.55369946
 -1750.65338247  -582.99632475  -537.31860285 -2188.58422653
 -1860.39538093  -325.62397247  -645.57141849 -1684.00862613
  -435.90686015  -799.25150274 -1269.82812847  -490.85966265
  -278.015908    -402.43108237  -277.73703783  -210.57618992
  -510.65322744  -801.63005868 -1351.68382936  -698.35761514
  -819.06290994  -908.71359564 -1634.2015255  -1366.56532934
  -268.50798998  -690.83267489  -690.88536824 -1038.77059506
  -927.40832047  -218.61370004  -998.40569386  -475.94821897
 -1330.59265352 -1475.34966618  -912.12930579 -1239.7816985
  -984.2552632   -297.07407825 -1245.28010992  -646.4683218
 -1255.87501475 -1132.27846496  -977.8267672  -1016.50584845
  -790.46048677  -784.19060134  -638.56131194  -543.89424411
  -481.59121034  -494.88872965  -203.21901535  -291.51831042
  -308.05050556  -275.62123649  -156.93967493  -231.8741012
  -210.91396033  -211.61137502  -180.07661619  -197.75282495
  -264.61349824  -259.93993853  -248.92080056  -266.97850458
  -281.98209698  -235.39197696  -282.11880608  -321.23027565
  -272.94875666  -305.44309411  -250.78081027  -291.46533675
  -373.02001721  -387.93065113  -373.41614971  -421.99019438
  -524.0852043   -544.73803483  -617.19736621  -659.66641019
  -857.70334148  -868.63250686 -1186.51289323 -1037.13128118
  -941.42869246 -1079.45459856 -1002.55232333 -1475.68203455
 -1200.53992657  -367.57687195  -538.53331548 -1663.68351559]","[ 119.   90.   91.   89.  101.   62.   81.   97.  113.   93.   83.  126.
  105.   93.   67.  143.   90.   58.   78.   88.   94.  159.  115.   96.
  107.   80.   76.  114.  141.  125.   84.  138.  118.  118.  108.  142.
  130.  135.   80.  103.   89.  219.  109.  132.  113.   81.  124.  150.
  103.  194.  132. 1000.  105.   87.   84.  114.  135.  128.  152.  132.
  164.  130.   99.  152.  133.  306.  309.  254.  236.  299.  141.  268.
  129.  202.  175.  185.  300.  421.  274.  199.  293.  261.  438.  460.
  237.  172.  139.   98.  488.  140.  409.  417.   88.  226.  516. 1000.
  411.  200.  420.  285.  152.  240.  606.  908.  269.  870. 1000. 1000.
  107.  854.  123.  959.  351.  358.  346.  815.  549.  411.  823.  133.
  514.  367.  102.  516.  261.   92.  499.  374.   99.  404.   92.   94.
  115.  174.  134.   89.  103.   82.   88.  115.  141.  158.  102.  276.
  159.  113.  110.   90.  133.  110.  258.   89.  162.   99.  103.  109.
  182.  112.  114.  260.  136.  124.  120.   86.  595.  117.  223.  113.
  103.  105.  164.  103.  393.   88.  107.  152.  119.  130.   92.  258.
  407.  110.  100.   99.  293.   83.  139.  113.  194.  143.  127.  245.
   83.  203.   99.   82.  289.   98.  126.  129.  143.   96.  127.  198.
  233.   90.  260.  187.  221.  105.  159.  115.  105.  108.  135.   92.
  109.  187.  115.  273.  112.  115.  256.  174.  133.  225.  119.  104.
  127.  133.  229.  121.  254.  149.  258.  302.  200.  538.  131.  476.
  245.  389.  402.  485.  565.  411.  716. 1000.  565.  495.  372.  413.
  621.  798.  733.  350.  362. 1000. 1000. 1000. 1000. 1000. 1000. 1000.
 1000. 1000. 1000. 1000. 1000. 1000.  365. 1000. 1000. 1000. 1000. 1000.
  853.  450.  591.  539.  549.  891.  814.  581.  753.  567. 1000.  840.
  718.  784. 1000. 1000.  967. 1000. 1000. 1000. 1000. 1000. 1000. 1000.
 1000. 1000. 1000. 1000. 1000. 1000. 1000. 1000. 1000. 1000. 1000. 1000.
 1000. 1000. 1000. 1000. 1000. 1000. 1000. 1000. 1000. 1000. 1000. 1000.
 1000. 1000. 1000. 1000. 1000. 1000. 1000. 1000. 1000. 1000. 1000. 1000.
  444.  774. 1000.  824. 1000.  801. 1000. 1000. 1000. 1000. 1000. 1000.
 1000.  908.  742.  296. 1000. 1000. 1000.  888.  946.  755. 1000. 1000.
  505.  487.  978.  716.  936.  298. 1000.  421.  353.  274.  700.  895.
  752. 1000.  554.  372.  495.  311.  167.  388.  303.  304.  268.  338.
  641.  157.  249.  962.  957.  106.  360.  436.  141.  511.  507.  405.
  575.  396.  626.  363.  375.  305.  360.  626.  340.   96.   98.  391.
  300.  101.  110.  380.  290.   91.  140.  321.  128.  144.  180.   95.
   94.   88.   89.   91.  109.  556.  359.  135.  176.  228.  605.  331.
  100.  454.  166.  266.  265.  113.  272.  491.  381.  316.  350.  319.
  184.  114.  331.  517.  355.  234.  259.  429.  198.  198.  268.  170.
  167.  190.  194.  244.  314.  293.  176.  258.  246.  318.  350.  391.
  751. 1000. 1000. 1000. 1000. 1000. 1000. 1000. 1000. 1000. 1000. 1000.
 1000. 1000. 1000. 1000. 1000. 1000. 1000. 1000. 1000. 1000. 1000. 1000.
 1000. 1000. 1000. 1000. 1000. 1000. 1000. 1000.]",-545.8066092590409,514.4553519961466,449.004,360.4275516438775
5e-05,"[-3.40100829e+02 -1.54822516e+02 -8.36293741e+01 -1.76742120e+02
 -1.51537466e+02 -2.53516227e+02 -2.50324965e+02 -7.45983742e+01
 -2.79167803e+02 -1.04057747e+02 -8.45606380e+01 -2.58574765e+02
 -1.63910443e+02 -4.67101960e+02 -7.57459443e+01 -2.43264228e+02
 -2.55344443e+02 -1.11377522e+02 -5.63059926e+01 -1.24550400e+02
 -3.13455578e+02 -1.67589323e+02 -1.63762070e+02 -3.52100860e+02
 -4.06449027e+02 -2.55385365e+02 -1.38492906e+02 -3.32464988e+02
 -4.60922138e+02 -3.42648930e+02 -2.74695284e+02 -7.82934801e+01
 -7.19255562e+01 -3.00620726e+02 -1.39993964e+02 -7.38446202e+01
 -2.11482025e+02 -1.08303293e+02 -2.26456107e+02 -9.77372133e+01
 -9.28129068e+01 -1.80398409e+02 -1.36710727e+02 -1.54782653e+02
 -1.86214115e+02 -2.08723752e+02 -1.44915482e+02 -3.58037006e+02
 -2.27359433e+02 -7.33612958e+01 -1.18931354e+02 -4.80511444e+01
 -1.59287481e+02 -2.47541093e+02 -1.98130991e+02 -1.09300019e+02
 -1.09532926e+02 -2.20829763e+02 -1.42279312e+02 -1.57495420e+02
 -2.33964805e+02 -8.75326948e+01 -8.49173159e+01 -4.30376017e+01
 -2.64135911e+01 -1.59069745e+01  4.28734398e+01 -1.49998527e+02
 -1.76463471e+02 -6.21421055e+01 -1.06896416e+02 -5.50278272e+01
 -2.67344551e+02 -1.09027452e+02 -1.15810372e+02 -3.44738727e+01
 -4.76414904e+02 -2.93354905e+02 -4.86587622e+02 -1.21055559e+02
 -1.07360091e+02 -1.03733293e+02 -1.03421630e+02 -3.61788331e+01
 -1.49512396e+02 -6.77380670e+02 -2.43102196e+02 -5.97791469e+01
 -5.42426687e+01 -3.49248755e+01  3.79873171e+01 -2.36368987e+02
 -4.92948802e+01 -4.37520213e+01 -1.19626959e+02 -1.22676607e+02
 -1.20448524e+02 -1.03654163e+02 -1.48583157e+02 -9.97550060e+01
 -1.13708981e+02 -1.12420413e+02 -7.06872694e+00 -3.56721427e+01
 -3.67384994e+01 -1.35226003e+02 -8.50023404e+01 -1.67433382e+02
  1.18084900e+01  1.46809316e+01 -8.77470149e+01 -3.87032486e+01
  3.90649510e+00 -6.32441479e+01 -5.13358195e+01 -2.56302998e+02
 -1.00455014e+02 -4.90275950e+01 -8.42700186e+01 -5.92048661e+01
 -8.64867730e+01 -1.10821400e+02 -7.87392809e+01 -2.21189484e+01
 -2.63827646e+02 -3.16202289e+02 -2.09974700e+02 -7.40801157e+01
 -8.75165557e+01 -9.55957501e+01 -1.71021046e+02 -2.80259002e+01
 -1.53624111e+01 -1.34866617e+02 -2.56119396e+02 -8.10990613e+01
 -1.29006742e+02 -1.22800532e+02 -7.96418162e+01 -1.77556429e+02
 -1.85702836e+02 -2.53908503e+01 -8.63380144e+01 -1.28065048e+02
 -1.81377337e+02 -7.74847117e+01 -2.95976214e+02  6.03708921e+01
 -3.83506151e+01 -8.34499420e+01  1.27537534e+01 -5.38563289e+01
 -5.94482418e+01 -1.46896529e+01 -2.37997957e+02 -6.70043884e+01
 -4.85154145e+01 -6.62109157e+01  3.57945854e+01 -3.29041440e+01
 -4.32095828e+01 -6.09496243e+01 -8.67562312e+01 -1.68930161e+02
 -2.63907683e+01 -1.04980029e+02 -1.46672591e+02 -1.15142197e+02
 -1.37609677e+02 -5.65880489e+01 -5.59294926e+01 -1.02239195e+02
 -8.22374369e+01 -1.00281298e+02 -1.10454274e+02 -9.93522735e+01
 -9.12302056e+01 -1.06107526e+02 -6.98760006e+01 -4.35671106e+01
 -8.63542014e+01 -1.13046183e+02 -3.85456383e+01 -5.24177761e+01
 -9.92467659e+01 -1.07464099e+02 -8.39773128e+01 -2.37245230e+02
 -1.76786087e+02 -2.77313220e+01 -1.19845971e+02 -1.30491672e+02
 -4.74075588e+01 -9.43252933e+01 -7.08085834e+01 -9.39079333e+01
 -3.39795074e+01 -4.44413272e+01 -1.68891852e+02 -1.29228189e+02
 -1.89985214e+02 -3.39176381e+01 -1.40557391e+02  9.30664682e+00
 -9.50489938e+01 -2.45129339e+01 -1.32849801e+02 -1.08083789e+02
 -9.05682063e+01 -1.37138264e+02  2.80119268e+01 -1.24609497e+02
 -4.76810894e+01 -6.06376184e+01 -1.79988141e+01 -1.01626006e+02
 -1.95130200e+01 -1.01771894e+01 -1.08493985e+02 -1.16281434e+02
 -7.24113286e+01 -5.29464017e+01 -1.77984672e+01 -2.31176250e+02
 -8.88255402e+01 -6.71627657e+01 -6.78987699e+01 -5.37235966e+01
 -6.52745400e+01 -1.25023990e+02 -1.06190332e+02 -8.73554873e+01
 -8.77079357e+00 -7.64477083e+01 -6.01353909e+01 -9.25093687e+01
 -7.85223778e+01 -1.64908102e+01 -1.04279906e+02 -6.27622101e+01
 -6.78583120e+01 -6.62606132e+01 -7.89363742e+01 -4.56591589e+01
 -1.05904832e+02  1.17516845e+01 -9.32216166e+01 -8.02706211e+01
 -4.82800617e+01 -9.64247052e+00 -3.89768666e+00 -7.89618368e+01
 -6.69692152e+01 -7.28828564e+01 -1.58899761e+01 -7.40524778e+01
 -3.13227094e+01  4.56868041e+00 -6.05318144e+01 -1.23659777e+00
 -1.16519036e+01 -1.41225630e+01  3.50020736e+01 -4.61036254e+01
  3.93592458e+01 -4.87578662e+01 -1.79111737e+02  1.62452968e+01
 -1.73571626e+01 -1.87456203e+02 -2.25094627e+02 -1.58241238e+02
  5.29003804e+00 -2.68491314e+01  1.57416733e+02 -2.23785922e+02
  1.33198025e+01 -3.43797986e+01 -1.86183830e+02 -2.54107728e+01
  8.05990537e+01 -2.56948250e+02  2.73622708e+01 -1.11715791e+02
 -2.08809027e+02 -4.66809050e+01 -4.88222466e+01 -1.62701215e+02
 -4.00174204e+01 -7.76179809e+01 -2.61470579e-01 -7.33475993e+01
  2.12506148e+02 -2.38376939e+01 -4.22014435e+01 -2.25147346e+02
 -1.30187570e+02 -1.13096053e+02 -6.67168337e+01 -2.28492840e+02
 -7.95712885e+01 -1.21728647e+02 -3.43775353e+01 -2.78980540e+01
 -2.80868148e+01 -8.51645444e+01 -9.98695588e+01 -7.95072822e+01
 -5.54035715e+01 -8.50723466e+01 -9.72645060e+01 -5.13290129e+01
 -1.15207090e+02 -1.49685577e+02 -1.65166381e+02 -9.54054025e+01
 -1.29212161e+02 -9.88787975e+01 -7.58470977e+01 -1.40981982e+02
 -1.15146922e+02 -1.13397205e+02 -5.59275681e+01 -9.74470781e+01
 -5.58609294e+01 -5.59992348e+01 -1.17330975e+02 -4.61463398e+01
 -1.00238086e+02 -1.45339586e+02 -1.49188299e+02 -4.55407658e+01
 -5.81148200e+01 -1.60763073e+02 -1.10602138e+02 -1.43087216e+02
 -8.04742664e+01 -1.49413249e+02 -1.16190136e+02 -8.28250609e+01
 -8.01493341e+01 -1.30444419e+02 -1.08565171e+02 -1.07542361e+02
 -1.07045791e+02 -6.59362888e+01 -4.00208562e+01 -1.11026456e+02
 -4.40264383e+01 -8.05757379e+01 -8.80380420e+01 -6.74799289e+01
 -9.98549078e+01 -1.22738459e+02 -8.94451612e+01 -1.06088829e+02
 -9.24454295e+01 -1.04267509e+02 -9.44486099e+01 -1.13813445e+02
 -7.18243911e+01 -5.76965889e+01 -1.22526522e+02 -8.34334143e+01
 -1.12306914e+02 -8.95434086e+01 -6.15521333e+01 -7.61194679e+01
 -1.02475546e+02 -6.63719398e+01 -3.04861091e+01 -5.12886946e+01
 -1.27966186e+02  1.32139415e+00 -1.93160681e+02 -7.04521783e+01
 -8.00441944e+01 -8.81064975e+01  5.37091883e+00  1.90640957e+02
 -7.95862987e+01 -8.96633186e+01 -4.07689158e+01 -1.15899504e+02
 -4.51472634e+00 -1.11179840e+02  1.13260069e+02 -4.06738967e+01
 -1.05919099e+02 -1.20222366e+02  4.25540254e+00 -1.32697616e+02
 -6.40156330e+01 -1.21969804e+02 -7.78816372e+01 -2.54092581e+02
 -5.24901280e+01 -6.89139405e+01 -1.11764591e+02 -7.73406501e+01
 -3.09571828e+01 -1.21068924e+02 -8.54790588e+01 -5.86349066e+01
 -1.13247249e+02 -1.41336621e+02 -1.62190337e+02 -1.08003366e+02
 -1.12677112e+02 -8.59535128e+01 -1.12753705e+02 -1.24082072e+02
 -1.25770663e+02 -1.17489199e+02  1.28550340e+02 -1.31476057e+02
  2.41185888e+02 -9.11333730e+01  2.16471496e+02 -2.32864063e+01
 -7.97666168e+01 -9.34315734e+01 -9.52418912e+01  2.98308348e+01
 -9.66248684e+01 -1.11712154e+02 -1.44444028e+02 -1.10780446e+02
 -1.11352735e+02  3.33565433e+01  9.38635287e+01 -1.22613624e+02
  8.65049792e+00 -1.37947312e+02 -1.18351857e+02 -8.86113507e+01
 -9.69683904e+01 -1.02120959e+01 -7.97770940e+01  2.17256708e+02
  1.13393794e+01 -1.14451287e+02 -8.56217183e+01 -9.55133129e+01
 -1.05702055e+02 -7.63533665e+01 -4.91708249e+01  1.24307118e+02
  1.28758393e+02 -8.06943626e+01  2.18838727e+02 -7.06023580e+01
  9.68907210e+01 -4.61258057e+01 -1.09770721e+02 -1.12656829e+02
  1.19278702e+02 -1.06146625e+02 -4.33079945e+01 -6.13049835e+01
 -2.69780959e+01 -1.02829365e+02  4.83612755e+01  3.13993334e+01
 -1.00177511e+02 -1.12430642e+02 -8.67745846e+01 -9.54985936e+01
 -1.36505340e+02 -7.15375724e+01 -4.55159779e+01 -4.35431425e+01
  1.71484359e+02 -7.55550834e+01  4.42345862e+01 -7.49484061e+01
 -6.61902021e+01 -6.49697846e+00 -4.12989268e+00 -3.57469134e+01
  1.68901605e+02  3.06631744e+00 -8.55027320e+01  2.29323169e+02
 -4.08408345e+01  1.96194030e+02  5.69267010e+01 -7.34152643e+01
  9.33888012e+01  1.05839514e+02  4.67489928e+01 -1.32159713e+02
  1.50384203e+02 -5.38394578e+01  2.20236786e+02 -4.35510821e+01
 -1.19769618e+02 -1.70693840e+02  1.91254653e+02  1.38525577e+02]","[ 119.  110.   58.   90.   87.   78.  122.   88.  114.   84.  147.  120.
   99.  138.   71.  129.  125.  112.   75.  118.  108.  103.   86.  137.
   87.   91.  106.   84.   97.  115.  102.  102.   72.  106.  120.  113.
  112.  146.  186.   87.  245.  153.  160.  100.  122.  251.  148.  176.
  120.  180.   94.  185.  102.  186.  174.   95.  252.  107.  198.  256.
  296.  122.  164.  188.  281.  306.  144.  186.  202.  120.   89.  372.
  196.  108.  145. 1000.  104.  279.  233.  299.  168.  157.  123.  194.
  243.  168.  305.  135.  169.  383.  254.  180.  196.  224. 1000.   91.
  234.  434.  420.  410.  429.  305.  291.  266.  205.  315.  158.  662.
  319. 1000.  295.  266.  430.  190.  357.  313.  168.  317.  643.  480.
  348.  288.  310.  269.  368.  630.  267.  353.  246.  114.  701.  276.
  178.  274.  828.  204.  208.  165.  404.  274.  292.  239.  363.  148.
  949.  245.  385.  265.  220.  160.  267. 1000. 1000.  209.  388.  277.
  432.  319. 1000.  334.  380.  297. 1000.  343.  551. 1000. 1000. 1000.
 1000. 1000.  548. 1000.  464. 1000. 1000. 1000. 1000. 1000. 1000.  438.
 1000.  361. 1000. 1000. 1000. 1000. 1000.  984.  426.  438. 1000. 1000.
 1000. 1000. 1000. 1000.  453.  257.  815. 1000.  844.  297.  685.  218.
 1000. 1000. 1000. 1000. 1000. 1000. 1000. 1000. 1000. 1000.  418. 1000.
 1000. 1000. 1000. 1000. 1000. 1000. 1000.  454. 1000. 1000. 1000. 1000.
  341. 1000. 1000. 1000. 1000. 1000. 1000. 1000. 1000. 1000. 1000. 1000.
 1000. 1000. 1000. 1000. 1000. 1000. 1000. 1000. 1000. 1000. 1000. 1000.
 1000. 1000. 1000. 1000. 1000. 1000. 1000. 1000. 1000. 1000. 1000. 1000.
 1000. 1000.  222. 1000. 1000.  290.  237.  232. 1000. 1000.  631.  299.
  222.  199.  229.  263.  759.  288. 1000.  295.  302. 1000.  313.  278.
 1000. 1000. 1000. 1000.  485.  339.  252.  409. 1000.  216. 1000.  387.
 1000. 1000.  441. 1000. 1000. 1000. 1000. 1000. 1000. 1000. 1000. 1000.
 1000. 1000. 1000. 1000. 1000. 1000. 1000. 1000. 1000. 1000. 1000. 1000.
 1000.  354. 1000. 1000. 1000. 1000. 1000.  252. 1000. 1000. 1000. 1000.
 1000. 1000. 1000. 1000. 1000. 1000. 1000. 1000. 1000. 1000. 1000. 1000.
 1000. 1000. 1000. 1000. 1000. 1000. 1000. 1000. 1000. 1000. 1000. 1000.
 1000.  285. 1000. 1000. 1000. 1000. 1000.  355. 1000.  318. 1000. 1000.
 1000. 1000.  226. 1000. 1000. 1000.  193.  465. 1000. 1000. 1000. 1000.
  416. 1000. 1000. 1000. 1000. 1000. 1000. 1000. 1000. 1000. 1000.  571.
 1000. 1000. 1000. 1000. 1000. 1000. 1000. 1000. 1000. 1000. 1000. 1000.
 1000. 1000. 1000. 1000. 1000. 1000.  906. 1000.  398. 1000.  573. 1000.
 1000. 1000. 1000. 1000. 1000. 1000. 1000. 1000. 1000.  437. 1000. 1000.
 1000. 1000. 1000. 1000. 1000. 1000. 1000.  671.  499. 1000. 1000. 1000.
 1000.  432. 1000. 1000.  789. 1000.  499.  493. 1000. 1000. 1000. 1000.
  987. 1000.  520. 1000.  355. 1000. 1000.  303. 1000. 1000. 1000. 1000.
 1000. 1000. 1000. 1000.  873.  372. 1000. 1000.  345. 1000.  316.  357.
  548. 1000. 1000.  383.  397.  588. 1000. 1000.  894. 1000. 1000.  643.
  570.  367.  679. 1000.  784.  245.  681.  601.]",-88.31847173763265,100.82828157971501,666.032,373.44165672297464
